{"f1": {"value": [1.0, 1.0, 0.9743589743589743, 1.0, 0.975609756097561], "mean": 0.9899937460913071, "std": 0.012261489364004985}, "acc": {"value": [1.0, 1.0, 0.99, 1.0, 0.99], "mean": 0.9960000000000001, "std": 0.00489897948556636}, "auroc": {"value": [1.0, 1.0, 0.9831250000000001, 1.0, 0.999375], "mean": 0.9964999999999999, "std": 0.006691879407162033}, "auprc": {"value": [1.0, 1.0, 0.9709643848288622, 1.0, 0.9975595238095238], "mean": 0.9937047817276772, "std": 0.01140941722369514}}