{"f1": {"value": [1.0, 1.0, 0.9743589743589743, 1.0, 0.975609756097561], "mean": 0.9899937460913071, "std": 0.012261489364004985}, "acc": {"value": [1.0, 1.0, 0.998, 1.0, 0.998], "mean": 0.9992000000000001, "std": 0.000979795897113272}, "auroc": {"value": [1.0, 1.0, 0.9961458333333333, 1.0, 0.9998958333333333], "mean": 0.9992083333333334, "std": 0.0015317813703876674}, "auprc": {"value": [1.0, 1.0, 0.9672540726817043, 1.0, 0.9975595238095238], "mean": 0.9929627192982456, "std": 0.01288902697332087}}