{"f1": {"value": [1.0, 1.0, 0.9743589743589743, 1.0, 1.0], "mean": 0.9948717948717949, "std": 0.010256410256410265}, "acc": {"value": [1.0, 1.0, 0.998, 1.0, 1.0], "mean": 0.9996, "std": 0.0008000000000000007}, "auroc": {"value": [1.0, 1.0, 0.9994791666666666, 1.0, 1.0], "mean": 0.9998958333333334, "std": 0.0002083333333333659}, "auprc": {"value": [1.0, 1.0, 0.9897916666666666, 1.0, 1.0], "mean": 0.9979583333333334, "std": 0.00408333333333335}}