{"f1": {"value": [1.0, 1.0, 0.9743589743589743, 1.0, 1.0], "mean": 0.9948717948717949, "std": 0.010256410256410265}, "acc": {"value": [1.0, 1.0, 0.99, 1.0, 1.0], "mean": 0.998, "std": 0.0040000000000000036}, "auroc": {"value": [1.0, 1.0, 0.9981249999999999, 1.0, 1.0], "mean": 0.999625, "std": 0.0007500000000000284}, "auprc": {"value": [1.0, 1.0, 0.9933300395256917, 1.0, 1.0], "mean": 0.9986660079051383, "std": 0.002667984189723338}}